date,followers_count
2018-06-15,0
2018-06-16,62222
2018-06-17,124444
2018-06-18,186666
2018-06-19,248888
2018-06-20,311111
2018-06-21,373333
2018-06-22,435555
2018-06-23,497777
2018-06-24,560000
2018-06-25,622222
2018-06-26,684444
2018-06-27,746666
2018-06-28,808888
2018-06-29,871111
2018-06-30,933333
2018-07-01,995555
2018-07-02,1057777
2018-07-03,1120000
2018-07-04,1182222
2018-07-05,1244444
2018-07-06,1306666
2018-07-07,1368888
2018-07-08,1431111
2018-07-09,1493333
2018-07-10,1555555
2018-07-11,1617777
2018-07-12,1680000
2018-07-13,1742222
2018-07-14,1804444
2018-07-15,1866666
2018-07-16,1928888
2018-07-17,1991111
2018-07-18,2053333
2018-07-19,2115555
2018-07-20,2177777
2018-07-21,2240000
2018-07-22,2302222
2018-07-23,2364444
2018-07-24,2426666
2018-07-25,2488888
2018-07-26,2551111
2018-07-27,2613333
2018-07-28,2675555
2018-07-29,2737777
2018-07-30,2800000
2018-07-31,2862222
2018-08-01,2924444
2018-08-02,2986666
2018-08-03,3048888
2018-08-04,3111111
2018-08-05,3173333
2018-08-06,3235555
2018-08-07,3297777
2018-08-08,3360000
2018-08-09,3422222
2018-08-10,3484444
2018-08-11,3546666
2018-08-12,3608888
2018-08-13,3671111
2018-08-14,3733333
2018-08-15,3795555
2018-08-16,3857777
2018-08-17,3920000
2018-08-18,3982222
2018-08-19,4044444
2018-08-20,4106666
2018-08-21,4168888
2018-08-22,4231111
2018-08-23,4293333
2018-08-24,4355555
2018-08-25,4417777
2018-08-26,4480000
2018-08-27,4542222
2018-08-28,4604444
2018-08-29,4666666
2018-08-30,4728888
2018-08-31,4791111
2018-09-01,4853333
2018-09-02,4915555
2018-09-03,4977777
2018-09-04,5040000
2018-09-05,5102222
2018-09-06,5164444
2018-09-07,5226666
2018-09-08,5288888
2018-09-09,5351111
2018-09-10,5413333
2018-09-11,5475555
2018-09-12,5537777
2018-09-13,5600000
2018-09-14,5662222
2018-09-15,5724444
2018-09-16,5786666
2018-09-17,5848888
2018-09-18,5911111
2018-09-19,5973333
2018-09-20,6035555
2018-09-21,6097777
2018-09-22,6160000
2018-09-23,6222222
2018-09-24,6284444
2018-09-25,6346666
2018-09-26,6408888
2018-09-27,6471111
2018-09-28,6533333
2018-09-29,6595555
2018-09-30,6657777
2018-10-01,6720000
2018-10-02,6782222
2018-10-03,6844444
2018-10-04,6906666
2018-10-05,6968888
2018-10-06,7031111
2018-10-07,7093333
2018-10-08,7155555
2018-10-09,7217777
2018-10-10,7280000
2018-10-11,7342222
2018-10-12,7404444
2018-10-13,7466666
2018-10-14,7528888
2018-10-15,7591111
2018-10-16,7653333
2018-10-17,7715555
2018-10-18,7777777
2018-10-19,7840000
2018-10-20,7902222
2018-10-21,7964444
2018-10-22,8026666
2018-10-23,8088888
2018-10-24,8151111
2018-10-25,8213333
2018-10-26,8275555
2018-10-27,8337777
2018-10-28,8400000
2018-10-29,8462222
2018-10-30,8524444
2018-10-31,8586666
2018-11-01,8648888
2018-11-02,8711111
2018-11-03,8773333
2018-11-04,8835555
2018-11-05,8897777
2018-11-06,8960000
2018-11-07,9022222
2018-11-08,9084444
2018-11-09,9146666
2018-11-10,9208888
2018-11-11,9271111
2018-11-12,9333333
2018-11-13,9395555
2018-11-14,9457777
2018-11-15,9520000
2018-11-16,9582222
2018-11-17,9644444
2018-11-18,9706666
2018-11-19,9768888
2018-11-20,9831111
2018-11-21,9893333
2018-11-22,9955555
2018-11-23,10017777
2018-11-24,10080000
2018-11-25,10142222
2018-11-26,10204444
2018-11-27,10266666
2018-11-28,10328888
2018-11-29,10391111
2018-11-30,10453333
2018-12-01,10515555
2018-12-02,10577777
2018-12-03,10640000
2018-12-04,10702222
2018-12-05,10764444
2018-12-06,10826666
2018-12-07,10888888
2018-12-08,10951111
2018-12-09,11013333
2018-12-10,11075555
2018-12-11,11137777
2018-12-12,11200000
2018-12-13,11262222
2018-12-14,11324444
2018-12-15,11386666
2018-12-16,11448888
2018-12-17,11511111
2018-12-18,11573333
2018-12-19,11635555
2018-12-20,11697777
2018-12-21,11760000
2018-12-22,11822222
2018-12-23,11884444
2018-12-24,11946666
2018-12-25,12008888
2018-12-26,12071111
2018-12-27,12133333
2018-12-28,12195555
2018-12-29,12257777
2018-12-30,12320000
2018-12-31,12382222
2019-01-01,12444444
2019-01-02,12506666
2019-01-03,12568888
2019-01-04,12631111
2019-01-05,12693333
2019-01-06,12755555
2019-01-07,12817777
2019-01-08,12880000
2019-01-09,12942222
2019-01-10,13004444
2019-01-11,13066666
2019-01-12,13128888
2019-01-13,13191111
2019-01-14,13253333
2019-01-15,13315555
2019-01-16,13377777
2019-01-17,13440000
2019-01-18,13502222
2019-01-19,13564444
2019-01-20,13626666
2019-01-21,13688888
2019-01-22,13751111
2019-01-23,13813333
2019-01-24,13875555
2019-01-25,13937777
2019-01-26,14000000
2019-01-27,14039312
2019-01-28,14078624
2019-01-29,14117936
2019-01-30,14157248
2019-01-31,14196560
2019-02-01,14235872
2019-02-02,14275184
2019-02-03,14314496
2019-02-04,14353808
2019-02-05,14393120
2019-02-06,14432432
2019-02-07,14471744
2019-02-08,14511056
2019-02-09,14550368
2019-02-10,14589680
2019-02-11,14628992
2019-02-12,14668304
2019-02-13,14707616
2019-02-14,14746928
2019-02-15,14786240
2019-02-16,14825552
2019-02-17,14864864
2019-02-18,14904176
2019-02-19,14943488
2019-02-20,14982800
2019-02-21,15022113
2019-02-22,15061425
2019-02-23,15100737
2019-02-24,15140049
2019-02-25,15179361
2019-02-26,15218673
2019-02-27,15257985
2019-02-28,15297297
2019-03-01,15336609
2019-03-02,15375921
2019-03-03,15415233
2019-03-04,15454545
2019-03-05,15493857
2019-03-06,15533169
2019-03-07,15572481
2019-03-08,15611793
2019-03-09,15651105
2019-03-10,15690417
2019-03-11,15729729
2019-03-12,15769041
2019-03-13,15808353
2019-03-14,15847665
2019-03-15,15886977
2019-03-16,15926289
2019-03-17,15965601
2019-03-18,16004914
2019-03-19,16044226
2019-03-20,16083538
2019-03-21,16122850
2019-03-22,16162162
2019-03-23,16201474
2019-03-24,16240786
2019-03-25,16280098
2019-03-26,16319410
2019-03-27,16358722
2019-03-28,16398034
2019-03-29,16437346
2019-03-30,16476658
2019-03-31,16515970
2019-04-01,16555282
2019-04-02,16594594
2019-04-03,16633906
2019-04-04,16673218
2019-04-05,16712530
2019-04-06,16751842
2019-04-07,16791154
2019-04-08,16830466
2019-04-09,16869778
2019-04-10,16909090
2019-04-11,16948402
2019-04-12,16987714
2019-04-13,17027027
2019-04-14,17066339
2019-04-15,17105651
2019-04-16,17144963
2019-04-17,17184275
2019-04-18,17223587
2019-04-19,17262899
2019-04-20,17302211
2019-04-21,17341523
2019-04-22,17380835
2019-04-23,17420147
2019-04-24,17459459
2019-04-25,17498771
2019-04-26,17538083
2019-04-27,17577395
2019-04-28,17616707
2019-04-29,17656019
2019-04-30,17695331
2019-05-01,17734643
2019-05-02,17773955
2019-05-03,17813267
2019-05-04,17852579
2019-05-05,17891891
2019-05-06,17931203
2019-05-07,17970515
2019-05-08,18009828
2019-05-09,18049140
2019-05-10,18088452
2019-05-11,18127764
2019-05-12,18167076
2019-05-13,18206388
2019-05-14,18245700
2019-05-15,18285012
2019-05-16,18324324
2019-05-17,18363636
2019-05-18,18402948
2019-05-19,18442260
2019-05-20,18481572
2019-05-21,18520884
2019-05-22,18560196
2019-05-23,18599508
2019-05-24,18638820
2019-05-25,18678132
2019-05-26,18717444
2019-05-27,18756756
2019-05-28,18796068
2019-05-29,18835380
2019-05-30,18874692
2019-05-31,18914004
2019-06-01,18953316
2019-06-02,18992628
2019-06-03,19031941
2019-06-04,19071253
2019-06-05,19110565
2019-06-06,19149877
2019-06-07,19189189
2019-06-08,19228501
2019-06-09,19267813
2019-06-10,19307125
2019-06-11,19346437
2019-06-12,19385749
2019-06-13,19425061
2019-06-14,19464373
2019-06-15,19503685
2019-06-16,19542997
2019-06-17,19582309
2019-06-18,19621621
2019-06-19,19660933
2019-06-20,19700245
2019-06-21,19739557
2019-06-22,19778869
2019-06-23,19818181
2019-06-24,19857493
2019-06-25,19896805
2019-06-26,19936117
2019-06-27,19975429
2019-06-28,20014742
2019-06-29,20054054
2019-06-30,20093366
2019-07-01,20132678
2019-07-02,20171990
2019-07-03,20211302
2019-07-04,20250614
2019-07-05,20289926
2019-07-06,20329238
2019-07-07,20368550
2019-07-08,20407862
2019-07-09,20447174
2019-07-10,20486486
2019-07-11,20525798
2019-07-12,20565110
2019-07-13,20604422
2019-07-14,20643734
2019-07-15,20683046
2019-07-16,20722358
2019-07-17,20761670
2019-07-18,20800982
2019-07-19,20840294
2019-07-20,20879606
2019-07-21,20918918
2019-07-22,20958230
2019-07-23,20997542
2019-07-24,21036855
2019-07-25,21076167
2019-07-26,21115479
2019-07-27,21154791
2019-07-28,21194103
2019-07-29,21233415
2019-07-30,21272727
2019-07-31,21312039
2019-08-01,21351351
2019-08-02,21390663
2019-08-03,21429975
2019-08-04,21469287
2019-08-05,21508599
2019-08-06,21547911
2019-08-07,21587223
2019-08-08,21626535
2019-08-09,21665847
2019-08-10,21705159
2019-08-11,21744471
2019-08-12,21783783
2019-08-13,21823095
2019-08-14,21862407
2019-08-15,21901719
2019-08-16,21941031
2019-08-17,21980343
2019-08-18,22019656
2019-08-19,22058968
2019-08-20,22098280
2019-08-21,22137592
2019-08-22,22176904
2019-08-23,22216216
2019-08-24,22255528
2019-08-25,22294840
2019-08-26,22334152
2019-08-27,22373464
2019-08-28,22412776
2019-08-29,22452088
2019-08-30,22491400
2019-08-31,22530712
2019-09-01,22570024
2019-09-02,22609336
2019-09-03,22648648
2019-09-04,22687960
2019-09-05,22727272
2019-09-06,22766584
2019-09-07,22805896
2019-09-08,22845208
2019-09-09,22884520
2019-09-10,22923832
2019-09-11,22963144
2019-09-12,23002457
2019-09-13,23041769
2019-09-14,23081081
2019-09-15,23120393
2019-09-16,23159705
2019-09-17,23199017
2019-09-18,23238329
2019-09-19,23277641
2019-09-20,23316953
2019-09-21,23356265
2019-09-22,23395577
2019-09-23,23434889
2019-09-24,23474201
2019-09-25,23513513
2019-09-26,23552825
2019-09-27,23592137
2019-09-28,23631449
2019-09-29,23670761
2019-09-30,23710073
2019-10-01,23749385
2019-10-02,23788697
2019-10-03,23828009
2019-10-04,23867321
2019-10-05,23906633
2019-10-06,23945945
2019-10-07,23985257
2019-10-08,24024570
2019-10-09,24063882
2019-10-10,24103194
2019-10-11,24142506
2019-10-12,24181818
2019-10-13,24221130
2019-10-14,24260442
2019-10-15,24299754
2019-10-16,24339066
2019-10-17,24378378
2019-10-18,24417690
2019-10-19,24457002
2019-10-20,24496314
2019-10-21,24535626
2019-10-22,24574938
2019-10-23,24614250
2019-10-24,24653562
2019-10-25,24692874
2019-10-26,24732186
2019-10-27,24771498
2019-10-28,24810810
2019-10-29,24850122
2019-10-30,24889434
2019-10-31,24928746
2019-11-01,24968058
2019-11-02,25007371
2019-11-03,25046683
2019-11-04,25085995
2019-11-05,25125307
2019-11-06,25164619
2019-11-07,25203931
2019-11-08,25243243
2019-11-09,25282555
2019-11-10,25321867
2019-11-11,25361179
2019-11-12,25400491
2019-11-13,25439803
2019-11-14,25479115
2019-11-15,25518427
2019-11-16,25557739
2019-11-17,25597051
2019-11-18,25636363
2019-11-19,25675675
2019-11-20,25714987
2019-11-21,25754299
2019-11-22,25793611
2019-11-23,25832923
2019-11-24,25872235
2019-11-25,25911547
2019-11-26,25950859
2019-11-27,25990171
2019-11-28,26029484
2019-11-29,26068796
2019-11-30,26108108
2019-12-01,26147420
2019-12-02,26186732
2019-12-03,26226044
2019-12-04,26265356
2019-12-05,26304668
2019-12-06,26343980
2019-12-07,26383292
2019-12-08,26422604
2019-12-09,26461916
2019-12-10,26501228
2019-12-11,26540540
2019-12-12,26579852
2019-12-13,26619164
2019-12-14,26658476
2019-12-15,26697788
2019-12-16,26737100
2019-12-17,26776412
2019-12-18,26815724
2019-12-19,26855036
2019-12-20,26894348
2019-12-21,26933660
2019-12-22,26972972
2019-12-23,27012285
2019-12-24,27051597
2019-12-25,27090909
2019-12-26,27130221
2019-12-27,27169533
2019-12-28,27208845
2019-12-29,27248157
2019-12-30,27287469
2019-12-31,27326781
2020-01-01,27366093
2020-01-02,27405405
2020-01-03,27444717
2020-01-04,27484029
2020-01-05,27523341
2020-01-06,27562653
2020-01-07,27601965
2020-01-08,27641277
2020-01-09,27680589
2020-01-10,27719901
2020-01-11,27759213
2020-01-12,27798525
2020-01-13,27837837
2020-01-14,27877149
2020-01-15,27916461
2020-01-16,27955773
2020-01-17,27995085
2020-01-18,28034398
2020-01-19,28073710
2020-01-20,28113022
2020-01-21,28152334
2020-01-22,28191646
2020-01-23,28230958
2020-01-24,28270270
2020-01-25,28309582
2020-01-26,28348894
2020-01-27,28388206
2020-01-28,28427518
2020-01-29,28466830
2020-01-30,28506142
2020-01-31,28545454
2020-02-01,28584766
2020-02-02,28624078
2020-02-03,28663390
2020-02-04,28702702
2020-02-05,28742014
2020-02-06,28781326
2020-02-07,28820638
2020-02-08,28859950
2020-02-09,28899262
2020-02-10,28938574
2020-02-11,28977886
2020-02-12,29017199
2020-02-13,29056511
2020-02-14,29095823
2020-02-15,29135135
2020-02-16,29174447
2020-02-17,29213759
2020-02-18,29253071
2020-02-19,29292383
2020-02-20,29331695
2020-02-21,29371007
2020-02-22,29410319
2020-02-23,29449631
2020-02-24,29488943
2020-02-25,29528255
2020-02-26,29567567
2020-02-27,29606879
2020-02-28,29646191
2020-02-29,29685503
2020-03-01,29724815
2020-03-02,29764127
2020-03-03,29803439
2020-03-04,29842751
2020-03-05,29882063
2020-03-06,29921375
2020-03-07,29960687
2020-03-08,30000000
2020-03-09,30043333
2020-03-10,30086666
2020-03-11,30130000
2020-03-12,30173333
2020-03-13,30216666
2020-03-14,30260000
2020-03-15,30303333
2020-03-16,30346666
2020-03-17,30390000
2020-03-18,30433333
2020-03-19,30476666
2020-03-20,30520000
2020-03-21,30563333
2020-03-22,30606666
2020-03-23,30650000
2020-03-24,30693333
2020-03-25,30736666
2020-03-26,30780000
2020-03-27,30823333
2020-03-28,30866666
2020-03-29,30910000
2020-03-30,30953333
2020-03-31,30996666
2020-04-01,31040000
2020-04-02,31083333
2020-04-03,31126666
2020-04-04,31170000
2020-04-05,31213333
2020-04-06,31256666
2020-04-07,31300000
2020-04-08,31343333
2020-04-09,31386666
2020-04-10,31430000
2020-04-11,31473333
2020-04-12,31516666
2020-04-13,31560000
2020-04-14,31603333
2020-04-15,31646666
2020-04-16,31690000
2020-04-17,31733333
2020-04-18,31776666
2020-04-19,31820000
2020-04-20,31863333
2020-04-21,31906666
2020-04-22,31950000
2020-04-23,31993333
2020-04-24,32036666
2020-04-25,32080000
2020-04-26,32123333
2020-04-27,32166666
2020-04-28,32210000
2020-04-29,32253333
2020-04-30,32296666
2020-05-01,32340000
2020-05-02,32383333
2020-05-03,32426666
2020-05-04,32470000
2020-05-05,32513333
2020-05-06,32556666
2020-05-07,32600000
2020-05-08,32649358
2020-05-09,32698717
2020-05-10,32748076
2020-05-11,32797435
2020-05-12,32846794
2020-05-13,32896153
2020-05-14,32945512
2020-05-15,32994871
2020-05-16,33044230
2020-05-17,33093589
2020-05-18,33142948
2020-05-19,33192307
2020-05-20,33241666
2020-05-21,33291025
2020-05-22,33340384
2020-05-23,33389743
2020-05-24,33439102
2020-05-25,33488461
2020-05-26,33537820
2020-05-27,33587179
2020-05-28,33636538
2020-05-29,33685897
2020-05-30,33735256
2020-05-31,33784615
2020-06-01,33833974
2020-06-02,33883333
2020-06-03,33932692
2020-06-04,33982051
2020-06-05,34031410
2020-06-06,34080769
2020-06-07,34130128
2020-06-08,34179487
2020-06-09,34228846
2020-06-10,34278205
2020-06-11,34327564
2020-06-12,34376923
2020-06-13,34426282
2020-06-14,34475641
2020-06-15,34525000
2020-06-16,34574358
2020-06-17,34623717
2020-06-18,34673076
2020-06-19,34722435
2020-06-20,34771794
2020-06-21,34821153
2020-06-22,34870512
2020-06-23,34919871
2020-06-24,34969230
2020-06-25,35018589
2020-06-26,35067948
2020-06-27,35117307
2020-06-28,35166666
2020-06-29,35216025
2020-06-30,35265384
2020-07-01,35314743
2020-07-02,35364102
2020-07-03,35413461
2020-07-04,35462820
2020-07-05,35512179
2020-07-06,35561538
2020-07-07,35610897
2020-07-08,35660256
2020-07-09,35709615
2020-07-10,35758974
2020-07-11,35808333
2020-07-12,35857692
2020-07-13,35907051
2020-07-14,35956410
2020-07-15,36005769
2020-07-16,36055128
2020-07-17,36104487
2020-07-18,36153846
2020-07-19,36203205
2020-07-20,36252564
2020-07-21,36301923
2020-07-22,36351282
2020-07-23,36400641
2020-07-24,36450000
2020-07-25,36499358
2020-07-26,36548717
2020-07-27,36598076
2020-07-28,36647435
2020-07-29,36696794
2020-07-30,36746153
2020-07-31,36795512
2020-08-01,36844871
2020-08-02,36894230
2020-08-03,36943589
2020-08-04,36992948
2020-08-05,37042307
2020-08-06,37091666
2020-08-07,37141025
2020-08-08,37190384
2020-08-09,37239743
2020-08-10,37289102
2020-08-11,37338461
2020-08-12,37387820
2020-08-13,37437179
2020-08-14,37486538
2020-08-15,37535897
2020-08-16,37585256
2020-08-17,37634615
2020-08-18,37683974
2020-08-19,37733333
2020-08-20,37782692
2020-08-21,37832051
2020-08-22,37881410
2020-08-23,37930769
2020-08-24,37980128
2020-08-25,38029487
2020-08-26,38078846
2020-08-27,38128205
2020-08-28,38177564
2020-08-29,38226923
2020-08-30,38276282
2020-08-31,38325641
2020-09-01,38375000
2020-09-02,38424358
2020-09-03,38473717
2020-09-04,38523076
2020-09-05,38572435
2020-09-06,38621794
2020-09-07,38671153
2020-09-08,38720512
2020-09-09,38769871
2020-09-10,38819230
2020-09-11,38868589
2020-09-12,38917948
2020-09-13,38967307
2020-09-14,39016666
2020-09-15,39066025
2020-09-16,39115384
2020-09-17,39164743
2020-09-18,39214102
2020-09-19,39263461
2020-09-20,39312820
2020-09-21,39362179
2020-09-22,39411538
2020-09-23,39460897
2020-09-24,39510256
2020-09-25,39559615
2020-09-26,39608974
2020-09-27,39658333
2020-09-28,39707692
2020-09-29,39757051
2020-09-30,39806410
2020-10-01,39855769
2020-10-02,39905128
2020-10-03,39954487
2020-10-04,40003846
2020-10-05,40053205
2020-10-06,40102564
2020-10-07,40151923
2020-10-08,40201282
2020-10-09,40250641
2020-10-10,40300000
2020-10-11,40350000
2020-10-12,40400000
2020-10-13,40450000
2020-10-14,40500000
2020-10-15,40550000
2020-10-16,40600000
2020-10-17,40650000
2020-10-18,40700000
2020-10-19,40750000
2020-10-20,40800000
2020-10-21,40850000
2020-10-22,40900000
2020-10-23,40950000
2020-10-24,41000000
2020-10-25,41050000
2020-10-26,41100000
2020-10-27,41150000
2020-10-28,41200000
2020-10-29,41250000
2020-10-30,41300000
2020-10-31,41350000
2020-11-01,41400000
2020-11-02,41450000
2020-11-03,41500000
2020-11-04,41550000
2020-11-05,41600000
2020-11-06,41650000
2020-11-07,41700000
2020-11-08,41750000
2020-11-09,41800000
2020-11-10,41850000
2020-11-11,41900000
2020-11-12,41950000
2020-11-13,42000000
2020-11-14,42050000
2020-11-15,42100000
2020-11-16,42150000
2020-11-17,42200000
2020-11-18,42250000
2020-11-19,42300000
2020-11-20,42350000
2020-11-21,42400000
2020-11-22,42450000
2020-11-23,42500000
2020-11-24,42548979
2020-11-25,42597959
2020-11-26,42646938
2020-11-27,42695918
2020-11-28,42744897
2020-11-29,42793877
2020-11-30,42842857
2020-12-01,42891836
2020-12-02,42940816
2020-12-03,42989795
2020-12-04,43038775
2020-12-05,43087755
2020-12-06,43136734
2020-12-07,43185714
2020-12-08,43234693
2020-12-09,43283673
2020-12-10,43332653
2020-12-11,43381632
2020-12-12,43430612
2020-12-13,43479591
2020-12-14,43528571
2020-12-15,43577551
2020-12-16,43626530
2020-12-17,43675510
2020-12-18,43724489
2020-12-19,43773469
2020-12-20,43822448
2020-12-21,43871428
2020-12-22,43920408
2020-12-23,43969387
2020-12-24,44018367
2020-12-25,44067346
2020-12-26,44116326
2020-12-27,44165306
2020-12-28,44214285
2020-12-29,44263265
2020-12-30,44312244
2020-12-31,44361224
2021-01-01,44410204
2021-01-02,44459183
2021-01-03,44508163
2021-01-04,44557142
2021-01-05,44606122
2021-01-06,44655102
2021-01-07,44704081
2021-01-08,44753061
2021-01-09,44802040
2021-01-10,44851020
2021-01-11,44900000
2021-01-12,44948979
2021-01-13,44997959
2021-01-14,45046938
2021-01-15,45095918
2021-01-16,45144897
2021-01-17,45193877
2021-01-18,45242857
2021-01-19,45291836
2021-01-20,45340816
2021-01-21,45389795
2021-01-22,45438775
2021-01-23,45487755
2021-01-24,45536734
2021-01-25,45585714
2021-01-26,45634693
2021-01-27,45683673
2021-01-28,45732653
2021-01-29,45781632
2021-01-30,45830612
2021-01-31,45879591
2021-02-01,45928571
2021-02-02,45977551
2021-02-03,46026530
2021-02-04,46075510
2021-02-05,46124489
2021-02-06,46173469
2021-02-07,46222448
2021-02-08,46271428
2021-02-09,46320408
2021-02-10,46369387
2021-02-11,46418367
2021-02-12,46467346
2021-02-13,46516326
2021-02-14,46565306
2021-02-15,46614285
2021-02-16,46663265
2021-02-17,46712244
2021-02-18,46761224
2021-02-19,46810204
2021-02-20,46859183
2021-02-21,46908163
2021-02-22,46957142
2021-02-23,47006122
2021-02-24,47055102
2021-02-25,47104081
2021-02-26,47153061
2021-02-27,47202040
2021-02-28,47251020
2021-03-01,47300000
2021-03-02,47367500
2021-03-03,47435000
2021-03-04,47502500
2021-03-05,47570000
2021-03-06,47637500
2021-03-07,47705000
2021-03-08,47772500
2021-03-09,47840000
2021-03-10,47907500
2021-03-11,47975000
2021-03-12,48042500
2021-03-13,48110000
2021-03-14,48177500
2021-03-15,48245000
2021-03-16,48312500
2021-03-17,48380000
2021-03-18,48447500
2021-03-19,48515000
2021-03-20,48582500
2021-03-21,48650000
2021-03-22,48717500
2021-03-23,48785000
2021-03-24,48852500
2021-03-25,48920000
2021-03-26,48987500
2021-03-27,49055000
2021-03-28,49122500
2021-03-29,49190000
2021-03-30,49257500
2021-03-31,49325000
2021-04-01,49392500
2021-04-02,49460000
2021-04-03,49527500
2021-04-04,49595000
2021-04-05,49662500
2021-04-06,49730000
2021-04-07,49797500
2021-04-08,49865000
2021-04-09,49932500
2021-04-10,50000000
2021-04-11,50100000
2021-04-12,50200000
2021-04-13,50300000
2021-04-14,50400000
2021-04-15,50461904
2021-04-16,50523809
2021-04-17,50585714
2021-04-18,50647619
2021-04-19,50709523
2021-04-20,50771428
2021-04-21,50833333
2021-04-22,50895238
2021-04-23,50957142
2021-04-24,51019047
2021-04-25,51080952
2021-04-26,51142857
2021-04-27,51204761
2021-04-28,51266666
2021-04-29,51328571
2021-04-30,51390476
2021-05-01,51452380
2021-05-02,51514285
2021-05-03,51576190
2021-05-04,51638095
2021-05-05,51700000
2021-05-06,51761904
2021-05-07,51823809
2021-05-08,51885714
2021-05-09,51947619
2021-05-10,52009523
2021-05-11,52071428
2021-05-12,52133333
2021-05-13,52195238
2021-05-14,52257142
2021-05-15,52319047
2021-05-16,52380952
2021-05-17,52442857
2021-05-18,52504761
2021-05-19,52566666
2021-05-20,52628571
2021-05-21,52690476
2021-05-22,52752380
2021-05-23,52814285
2021-05-24,52876190
2021-05-25,52938095
2021-05-26,53000000
2021-05-27,53050980
2021-05-28,53101960
2021-05-29,53152941
2021-05-30,53203921
2021-05-31,53254901
2021-06-01,53305882
2021-06-02,53356862
2021-06-03,53407843
2021-06-04,53458823
2021-06-05,53509803
2021-06-06,53560784
2021-06-07,53611764
2021-06-08,53662745
2021-06-09,53713725
2021-06-10,53764705
2021-06-11,53815686
2021-06-12,53866666
2021-06-13,53917647
2021-06-14,53968627
2021-06-15,54019607
2021-06-16,54070588
2021-06-17,54121568
2021-06-18,54172549
2021-06-19,54223529
2021-06-20,54274509
2021-06-21,54325490
2021-06-22,54376470
2021-06-23,54427450
2021-06-24,54478431
2021-06-25,54529411
2021-06-26,54580392
2021-06-27,54631372
2021-06-28,54682352
2021-06-29,54733333
2021-06-30,54784313
2021-07-01,54835294
2021-07-02,54886274
2021-07-03,54937254
2021-07-04,54988235
2021-07-05,55039215
2021-07-06,55090196
2021-07-07,55141176
2021-07-08,55192156
2021-07-09,55243137
2021-07-10,55294117
2021-07-11,55345098
2021-07-12,55396078
2021-07-13,55447058
2021-07-14,55498039
2021-07-15,55549019
2021-07-16,55600000
2021-07-17,55657142
2021-07-18,55714285
2021-07-19,55771428
2021-07-20,55828571
2021-07-21,55885714
2021-07-22,55942857
2021-07-23,56000000
2021-07-24,56088888
2021-07-25,56177777
2021-07-26,56266666
2021-07-27,56355555
2021-07-28,56444444
2021-07-29,56533333
2021-07-30,56622222
2021-07-31,56711111
2021-08-01,56800000
2021-08-02,56888888
2021-08-03,56977777
2021-08-04,57066666
2021-08-05,57155555
2021-08-06,57244444
2021-08-07,57333333
2021-08-08,57422222
2021-08-09,57511111
2021-08-10,57600000
2021-08-11,57688888
2021-08-12,57777777
2021-08-13,57866666
2021-08-14,57955555
2021-08-15,58044444
2021-08-16,58133333
2021-08-17,58222222
2021-08-18,58311111
2021-08-19,58400000
2021-08-20,58488888
2021-08-21,58577777
2021-08-22,58666666
2021-08-23,58755555
2021-08-24,58844444
2021-08-25,58933333
2021-08-26,59022222
2021-08-27,59111111
2021-08-28,59200000
2021-08-29,59288888
2021-08-30,59377777
2021-08-31,59466666
2021-09-01,59555555
2021-09-02,59644444
2021-09-03,59733333
2021-09-04,59822222
2021-09-05,59911111
2021-09-06,60000000
2021-09-07,60088888
2021-09-08,60177777
2021-09-09,60266666
2021-09-10,60355555
2021-09-11,60444444
2021-09-12,60533333
2021-09-13,60622222
2021-09-14,60711111
2021-09-15,60800000
2021-09-16,60888888
2021-09-17,60977777
2021-09-18,61066666
2021-09-19,61155555
2021-09-20,61244444
2021-09-21,61333333
2021-09-22,61422222
2021-09-23,61511111
2021-09-24,61600000
2021-09-25,61688888
2021-09-26,61777777
2021-09-27,61866666
2021-09-28,61955555
2021-09-29,62044444
2021-09-30,62133333
2021-10-01,62222222
2021-10-02,62311111
2021-10-03,62400000
2021-10-04,62488888
2021-10-05,62577777
2021-10-06,62666666
2021-10-07,62755555
2021-10-08,62844444
2021-10-09,62933333
2021-10-10,63022222
2021-10-11,63111111
2021-10-12,63200000
2021-10-13,63288888
2021-10-14,63377777
2021-10-15,63466666
2021-10-16,63555555
2021-10-17,63644444
2021-10-18,63733333
2021-10-19,63822222
2021-10-20,63911111
2021-10-21,64000000
2021-10-22,63831818
2021-10-23,63663636
2021-10-24,63495454
2021-10-25,63327272
2021-10-26,63159090
2021-10-27,62990909
2021-10-28,62822727
2021-10-29,62654545
2021-10-30,62486363
2021-10-31,62318181
2021-11-01,62150000
2021-11-02,61981818
2021-11-03,61813636
2021-11-04,61645454
2021-11-05,61477272
2021-11-06,61309090
2021-11-07,61140909
2021-11-08,60972727
2021-11-09,60804545
2021-11-10,60636363
2021-11-11,60468181
2021-11-12,60300000
2021-11-13,60131818
2021-11-14,59963636
2021-11-15,59795454
2021-11-16,59627272
2021-11-17,59459090
2021-11-18,59290909
2021-11-19,59122727
2021-11-20,58954545
2021-11-21,58786363
2021-11-22,58618181
2021-11-23,58450000
2021-11-24,58281818
2021-11-25,58113636
2021-11-26,57945454
2021-11-27,57777272
2021-11-28,57609090
2021-11-29,57440909
2021-11-30,57272727
2021-12-01,57104545
2021-12-02,56936363
2021-12-03,56768181
2021-12-04,56600000
2021-12-05,56431818
2021-12-06,56263636
2021-12-07,56095454
2021-12-08,55927272
2021-12-09,55759090
2021-12-10,55590909
2021-12-11,55422727
2021-12-12,55254545
2021-12-13,55086363
2021-12-14,54918181
2021-12-15,54750000
2021-12-16,54581818
2021-12-17,54413636
2021-12-18,54245454
2021-12-19,54077272
2021-12-20,53909090
2021-12-21,53740909
2021-12-22,53572727
2021-12-23,53404545
2021-12-24,53236363
2021-12-25,53068181
2021-12-26,52900000
2021-12-27,52983370
2021-12-28,53066741
2021-12-29,53150112
2021-12-30,53233483
2021-12-31,53316853
2022-01-01,53400224
2022-01-02,53483595
2022-01-03,53566966
2022-01-04,53650337
2022-01-05,53733707
2022-01-06,53817078
2022-01-07,53900449
2022-01-08,53983820
2022-01-09,54067191
2022-01-10,54150561
2022-01-11,54233932
2022-01-12,54317303
2022-01-13,54400674
2022-01-14,54484044
2022-01-15,54567415
2022-01-16,54650786
2022-01-17,54734157
2022-01-18,54817528
2022-01-19,54900898
2022-01-20,54984269
2022-01-21,55067640
2022-01-22,55151011
2022-01-23,55234382
2022-01-24,55317752
2022-01-25,55401123
2022-01-26,55484494
2022-01-27,55567865
2022-01-28,55651235
2022-01-29,55734606
2022-01-30,55817977
2022-01-31,55901348
2022-02-01,55984719
2022-02-02,56068089
2022-02-03,56151460
2022-02-04,56234831
2022-02-05,56318202
2022-02-06,56401573
2022-02-07,56484943
2022-02-08,56568314
2022-02-09,56651685
2022-02-10,56735056
2022-02-11,56818426
2022-02-12,56901797
2022-02-13,56985168
2022-02-14,57068539
2022-02-15,57151910
2022-02-16,57235280
2022-02-17,57318651
2022-02-18,57402022
2022-02-19,57485393
2022-02-20,57568764
2022-02-21,57652134
2022-02-22,57735505
2022-02-23,57818876
2022-02-24,57902247
2022-02-25,57985617
2022-02-26,58068988
2022-02-27,58152359
2022-02-28,58235730
2022-03-01,58319101
2022-03-02,58402471
2022-03-03,58485842
2022-03-04,58569213
2022-03-05,58652584
2022-03-06,58735955
2022-03-07,58819325
2022-03-08,58902696
2022-03-09,58986067
2022-03-10,59069438
2022-03-11,59152808
2022-03-12,59236179
2022-03-13,59319550
2022-03-14,59402921
2022-03-15,59486292
2022-03-16,59569662
2022-03-17,59653033
2022-03-18,59736404
2022-03-19,59819775
2022-03-20,59903146
2022-03-21,59986516
2022-03-22,60069887
2022-03-23,60153258
2022-03-24,60236629
2022-03-25,60320000
2022-03-26,60403370
2022-03-27,60486741
2022-03-28,60570112
2022-03-29,60653483
2022-03-30,60736853
2022-03-31,60820224
2022-04-01,60903595
2022-04-02,60986966
2022-04-03,61070337
2022-04-04,61153707
2022-04-05,61237078
2022-04-06,61320449
2022-04-07,61403820
2022-04-08,61487191
2022-04-09,61570561
2022-04-10,61653932
2022-04-11,61737303
2022-04-12,61820674
2022-04-13,61904044
2022-04-14,61987415
2022-04-15,62070786
2022-04-16,62154157
2022-04-17,62237528
2022-04-18,62320898
2022-04-19,62404269
2022-04-20,62487640
2022-04-21,62571011
2022-04-22,62654382
2022-04-23,62737752
2022-04-24,62821123
2022-04-25,62904494
2022-04-26,62987865
2022-04-27,63071235
2022-04-28,63154606
2022-04-29,63237977
2022-04-30,63321348
2022-05-01,63404719
2022-05-02,63488089
2022-05-03,63571460
2022-05-04,63654831
2022-05-05,63738202
2022-05-06,63821573
2022-05-07,63904943
2022-05-08,63988314
2022-05-09,64071685
2022-05-10,64155056
2022-05-11,64238426
2022-05-12,64321797
2022-05-13,64405168
2022-05-14,64488539
2022-05-15,64571910
2022-05-16,64655280
2022-05-17,64738651
2022-05-18,64822022
2022-05-19,64905393
2022-05-20,64988764
2022-05-21,65072134
2022-05-22,65155505
2022-05-23,65238876
2022-05-24,65322247
2022-05-25,65405617
2022-05-26,65488988
2022-05-27,65572359
2022-05-28,65655730
2022-05-29,65739101
2022-05-30,65822471
2022-05-31,65905842
2022-06-01,65989213
2022-06-02,66072584
2022-06-03,66155955
2022-06-04,66239325
2022-06-05,66322696
2022-06-06,66406067
2022-06-07,66489438
2022-06-08,66572808
2022-06-09,66656179
2022-06-10,66739550
2022-06-11,66822921
2022-06-12,66906292
2022-06-13,66989662
2022-06-14,67073033
2022-06-15,67156404
2022-06-16,67239775
2022-06-17,67323146
2022-06-18,67406516
2022-06-19,67489887
2022-06-20,67573258
2022-06-21,67656629
2022-06-22,67740000
2022-06-23,67823370
2022-06-24,67906741
2022-06-25,67990112
2022-06-26,68073483
2022-06-27,68156853
2022-06-28,68240224
2022-06-29,68323595
2022-06-30,68406966
2022-07-01,68490337
2022-07-02,68573707
2022-07-03,68657078
2022-07-04,68740449
2022-07-05,68823820
2022-07-06,68907191
2022-07-07,68990561
2022-07-08,69073932
2022-07-09,69157303
2022-07-10,69240674
2022-07-11,69324044
2022-07-12,69407415
2022-07-13,69490786
2022-07-14,69574157
2022-07-15,69657528
2022-07-16,69740898
2022-07-17,69824269
2022-07-18,69907640
2022-07-19,69991011
2022-07-20,70074382
2022-07-21,70157752
2022-07-22,70241123
2022-07-23,70324494
2022-07-24,70407865
2022-07-25,70491235
2022-07-26,70574606
2022-07-27,70657977
2022-07-28,70741348
2022-07-29,70824719
2022-07-30,70908089
2022-07-31,70991460
2022-08-01,71074831
2022-08-02,71158202
2022-08-03,71241573
2022-08-04,71324943
2022-08-05,71408314
2022-08-06,71491685
2022-08-07,71575056
2022-08-08,71658426
2022-08-09,71741797
2022-08-10,71825168
2022-08-11,71908539
2022-08-12,71991910
2022-08-13,72075280
2022-08-14,72158651
2022-08-15,72242022
2022-08-16,72325393
2022-08-17,72408764
2022-08-18,72492134
2022-08-19,72575505
2022-08-20,72658876
2022-08-21,72742247
2022-08-22,72825617
2022-08-23,72908988
2022-08-24,72992359
2022-08-25,73075730
2022-08-26,73159101
2022-08-27,73242471
2022-08-28,73325842
2022-08-29,73409213
2022-08-30,73492584
2022-08-31,73575955
2022-09-01,73659325
2022-09-02,73742696
2022-09-03,73826067
2022-09-04,73909438
2022-09-05,73992808
2022-09-06,74076179
2022-09-07,74159550
2022-09-08,74242921
2022-09-09,74326292
2022-09-10,74409662
2022-09-11,74493033
2022-09-12,74576404
2022-09-13,74659775
2022-09-14,74743146
2022-09-15,74826516
2022-09-16,74909887
2022-09-17,74993258
2022-09-18,75076629
2022-09-19,75160000
2022-09-20,75243370
2022-09-21,75326741
2022-09-22,75410112
2022-09-23,75493483
2022-09-24,75576853
2022-09-25,75660224
2022-09-26,75743595
2022-09-27,75826966
2022-09-28,75910337
2022-09-29,75993707
2022-09-30,76077078
2022-10-01,76160449
2022-10-02,76243820
2022-10-03,76327191
2022-10-04,76410561
2022-10-05,76493932
2022-10-06,76577303
2022-10-07,76660674
2022-10-08,76744044
2022-10-09,76827415
2022-10-10,76910786
2022-10-11,76994157
2022-10-12,77077528
2022-10-13,77160898
2022-10-14,77244269
2022-10-15,77327640
2022-10-16,77411011
2022-10-17,77494382
2022-10-18,77577752
2022-10-19,77661123
2022-10-20,77744494
2022-10-21,77827865
2022-10-22,77911235
2022-10-23,77994606
2022-10-24,78077977
2022-10-25,78161348
2022-10-26,78244719
2022-10-27,78328089
2022-10-28,78411460
2022-10-29,78494831
2022-10-30,78578202
2022-10-31,78661573
2022-11-01,78744943
2022-11-02,78828314
2022-11-03,78911685
2022-11-04,78995056
2022-11-05,79078426
2022-11-06,79161797
2022-11-07,79245168
2022-11-08,79328539
2022-11-09,79411910
2022-11-10,79495280
2022-11-11,79578651
2022-11-12,79662022
2022-11-13,79745393
2022-11-14,79828764
2022-11-15,79912134
2022-11-16,79995505
2022-11-17,80078876
2022-11-18,80162247
2022-11-19,80245617
2022-11-20,80328988
2022-11-21,80412359
2022-11-22,80495730
2022-11-23,80579101
2022-11-24,80662471
2022-11-25,80745842
2022-11-26,80829213
2022-11-27,80912584
2022-11-28,80995955
2022-11-29,81079325
2022-11-30,81162696
2022-12-01,81246067
2022-12-02,81329438
2022-12-03,81412808
2022-12-04,81496179
2022-12-05,81579550
2022-12-06,81662921
2022-12-07,81746292
2022-12-08,81829662
2022-12-09,81913033
2022-12-10,81996404
2022-12-11,82079775
2022-12-12,82163146
2022-12-13,82246516
2022-12-14,82329887
2022-12-15,82413258
2022-12-16,82496629
2022-12-17,82580000
2022-12-18,82663370
2022-12-19,82746741
2022-12-20,82830112
2022-12-21,82913483
2022-12-22,82996853
2022-12-23,83080224
2022-12-24,83163595
2022-12-25,83246966
2022-12-26,83330337
2022-12-27,83413707
2022-12-28,83497078
2022-12-29,83580449
2022-12-30,83663820
2022-12-31,83747191
2023-01-01,83830561
2023-01-02,83913932
2023-01-03,83997303
2023-01-04,84080674
2023-01-05,84164044
2023-01-06,84247415
2023-01-07,84330786
2023-01-08,84414157
2023-01-09,84497528
2023-01-10,84580898
2023-01-11,84664269
2023-01-12,84747640
2023-01-13,84831011
2023-01-14,84914382
2023-01-15,84997752
2023-01-16,85081123
2023-01-17,85164494
2023-01-18,85247865
2023-01-19,85331235
2023-01-20,85414606
2023-01-21,85497977
2023-01-22,85581348
2023-01-23,85664719
2023-01-24,85748089
2023-01-25,85831460
2023-01-26,85914831
2023-01-27,85998202
2023-01-28,86081573
2023-01-29,86164943
2023-01-30,86248314
2023-01-31,86331685
2023-02-01,86415056
2023-02-02,86498426
2023-02-03,86581797
2023-02-04,86665168
2023-02-05,86748539
2023-02-06,86831910
2023-02-07,86915280
2023-02-08,86998651
2023-02-09,87082022
2023-02-10,87165393
2023-02-11,87248764
2023-02-12,87332134
2023-02-13,87415505
2023-02-14,87498876
2023-02-15,87582247
2023-02-16,87665617
2023-02-17,87748988
2023-02-18,87832359
2023-02-19,87915730
2023-02-20,87999101
2023-02-21,88082471
2023-02-22,88165842
2023-02-23,88249213
2023-02-24,88332584
2023-02-25,88415955
2023-02-26,88499325
2023-02-27,88582696
2023-02-28,88666067
2023-03-01,88749438
2023-03-02,88832808
2023-03-03,88916179
2023-03-04,88999550
2023-03-05,89082921
2023-03-06,89166292
2023-03-07,89249662
2023-03-08,89333033
2023-03-09,89416404
2023-03-10,89499775
2023-03-11,89583146
2023-03-12,89666516
2023-03-13,89749887
2023-03-14,89833258
2023-03-15,89916629
2023-03-16,90000000
2023-03-17,90063829
2023-03-18,90127659
2023-03-19,90191489
2023-03-20,90255319
2023-03-21,90319148
2023-03-22,90382978
2023-03-23,90446808
2023-03-24,90510638
2023-03-25,90574468
2023-03-26,90638297
2023-03-27,90702127
2023-03-28,90765957
2023-03-29,90829787
2023-03-30,90893617
2023-03-31,90957446
2023-04-01,91021276
2023-04-02,91085106
2023-04-03,91148936
2023-04-04,91212765
2023-04-05,91276595
2023-04-06,91340425
2023-04-07,91404255
2023-04-08,91468085
2023-04-09,91531914
2023-04-10,91595744
2023-04-11,91659574
2023-04-12,91723404
2023-04-13,91787234
2023-04-14,91851063
2023-04-15,91914893
2023-04-16,91978723
2023-04-17,92042553
2023-04-18,92106382
2023-04-19,92170212
2023-04-20,92234042
2023-04-21,92297872
2023-04-22,92361702
2023-04-23,92425531
2023-04-24,92489361
2023-04-25,92553191
2023-04-26,92617021
2023-04-27,92680851
2023-04-28,92744680
2023-04-29,92808510
2023-04-30,92872340
2023-05-01,92936170
2023-05-02,93000000
2023-05-03,93042553
2023-05-04,93085106
2023-05-05,93127659
2023-05-06,93170212
2023-05-07,93212765
2023-05-08,93255319
2023-05-09,93297872
2023-05-10,93340425
2023-05-11,93382978
2023-05-12,93425531
2023-05-13,93468085
2023-05-14,93510638
2023-05-15,93553191
2023-05-16,93595744
2023-05-17,93638297
2023-05-18,93680851
2023-05-19,93723404
2023-05-20,93765957
2023-05-21,93808510
2023-05-22,93851063
2023-05-23,93893617
2023-05-24,93936170
2023-05-25,93978723
2023-05-26,94021276
2023-05-27,94063829
2023-05-28,94106382
2023-05-29,94148936
2023-05-30,94191489
2023-05-31,94234042
2023-06-01,94276595
2023-06-02,94319148
2023-06-03,94361702
2023-06-04,94404255
2023-06-05,94446808
2023-06-06,94489361
2023-06-07,94531914
2023-06-08,94574468
2023-06-09,94617021
2023-06-10,94659574
2023-06-11,94702127
2023-06-12,94744680
2023-06-13,94787234
2023-06-14,94829787
2023-06-15,94872340
2023-06-16,94914893
2023-06-17,94957446
2023-06-18,95000000
2023-06-19,95024539
2023-06-20,95049079
2023-06-21,95073619
2023-06-22,95098159
2023-06-23,95122699
2023-06-24,95147239
2023-06-25,95171779
2023-06-26,95196319
2023-06-27,95220858
2023-06-28,95245398
2023-06-29,95269938
2023-06-30,95294478
2023-07-01,95319018
2023-07-02,95343558
2023-07-03,95368098
2023-07-04,95392638
2023-07-05,95417177
2023-07-06,95441717
2023-07-07,95466257
2023-07-08,95490797
2023-07-09,95515337
2023-07-10,95539877
2023-07-11,95564417
2023-07-12,95588957
2023-07-13,95613496
2023-07-14,95638036
2023-07-15,95662576
2023-07-16,95687116
2023-07-17,95711656
2023-07-18,95736196
2023-07-19,95760736
2023-07-20,95785276
2023-07-21,95809815
2023-07-22,95834355
2023-07-23,95858895
2023-07-24,95883435
2023-07-25,95907975
2023-07-26,95932515
2023-07-27,95957055
2023-07-28,95981595
2023-07-29,96006134
2023-07-30,96030674
2023-07-31,96055214
2023-08-01,96079754
2023-08-02,96104294
2023-08-03,96128834
2023-08-04,96153374
2023-08-05,96177914
2023-08-06,96202453
2023-08-07,96226993
2023-08-08,96251533
2023-08-09,96276073
2023-08-10,96300613
2023-08-11,96325153
2023-08-12,96349693
2023-08-13,96374233
2023-08-14,96398773
2023-08-15,96423312
2023-08-16,96447852
2023-08-17,96472392
2023-08-18,96496932
2023-08-19,96521472
2023-08-20,96546012
2023-08-21,96570552
2023-08-22,96595092
2023-08-23,96619631
2023-08-24,96644171
2023-08-25,96668711
2023-08-26,96693251
2023-08-27,96717791
2023-08-28,96742331
2023-08-29,96766871
2023-08-30,96791411
2023-08-31,96815950
2023-09-01,96840490
2023-09-02,96865030
2023-09-03,96889570
2023-09-04,96914110
2023-09-05,96938650
2023-09-06,96963190
2023-09-07,96987730
2023-09-08,97012269
2023-09-09,97036809
2023-09-10,97061349
2023-09-11,97085889
2023-09-12,97110429
2023-09-13,97134969
2023-09-14,97159509
2023-09-15,97184049
2023-09-16,97208588
2023-09-17,97233128
2023-09-18,97257668
2023-09-19,97282208
2023-09-20,97306748
2023-09-21,97331288
2023-09-22,97355828
2023-09-23,97380368
2023-09-24,97404907
2023-09-25,97429447
2023-09-26,97453987
2023-09-27,97478527
2023-09-28,97503067
2023-09-29,97527607
2023-09-30,97552147
2023-10-01,97576687
2023-10-02,97601226
2023-10-03,97625766
2023-10-04,97650306
2023-10-05,97674846
2023-10-06,97699386
2023-10-07,97723926
2023-10-08,97748466
2023-10-09,97773006
2023-10-10,97797546
2023-10-11,97822085
2023-10-12,97846625
2023-10-13,97871165
2023-10-14,97895705
2023-10-15,97920245
2023-10-16,97944785
2023-10-17,97969325
2023-10-18,97993865
2023-10-19,98018404
2023-10-20,98042944
2023-10-21,98067484
2023-10-22,98092024
2023-10-23,98116564
2023-10-24,98141104
2023-10-25,98165644
2023-10-26,98190184
2023-10-27,98214723
2023-10-28,98239263
2023-10-29,98263803
2023-10-30,98288343
2023-10-31,98312883
2023-11-01,98337423
2023-11-02,98361963
2023-11-03,98386503
2023-11-04,98411042
2023-11-05,98435582
2023-11-06,98460122
2023-11-07,98484662
2023-11-08,98509202
2023-11-09,98533742
2023-11-10,98558282
2023-11-11,98582822
2023-11-12,98607361
2023-11-13,98631901
2023-11-14,98656441
2023-11-15,98680981
2023-11-16,98705521
2023-11-17,98730061
2023-11-18,98754601
2023-11-19,98779141
2023-11-20,98803680
2023-11-21,98828220
2023-11-22,98852760
2023-11-23,98877300
2023-11-24,98901840
2023-11-25,98926380
2023-11-26,98950920
2023-11-27,98975460
2023-11-28,99000000
2023-11-29,99022222
2023-11-30,99044444
2023-12-01,99066666
2023-12-02,99088888
2023-12-03,99111111
2023-12-04,99133333
2023-12-05,99155555
2023-12-06,99177777
2023-12-07,99200000
2023-12-08,99222222
2023-12-09,99244444
2023-12-10,99266666
2023-12-11,99288888
2023-12-12,99311111
2023-12-13,99333333
2023-12-14,99355555
2023-12-15,99377777
2023-12-16,99400000
2023-12-17,99422222
2023-12-18,99444444
2023-12-19,99466666
2023-12-20,99488888
2023-12-21,99511111
2023-12-22,99533333
2023-12-23,99555555
2023-12-24,99577777
2023-12-25,99600000
2023-12-26,99622222
2023-12-27,99644444
2023-12-28,99666666
2023-12-29,99688888
2023-12-30,99711111
2023-12-31,99733333
2024-01-01,99755555
2024-01-02,99777777
2024-01-03,99800000
2024-01-04,99822222
2024-01-05,99844444
2024-01-06,99866666
2024-01-07,99888888
2024-01-08,99911111
2024-01-09,99933333
2024-01-10,99955555
2024-01-11,99977777
2024-01-12,100000000
2024-01-13,100035714
2024-01-14,100071428
2024-01-15,100107142
2024-01-16,100142857
2024-01-17,100178571
2024-01-18,100214285
2024-01-19,100250000
2024-01-20,100285714
2024-01-21,100321428
2024-01-22,100357142
2024-01-23,100392857
2024-01-24,100428571
2024-01-25,100464285
2024-01-26,100500000
2024-01-27,100535714
2024-01-28,100571428
2024-01-29,100607142
2024-01-30,100642857
2024-01-31,100678571
2024-02-01,100714285
2024-02-02,100750000
2024-02-03,100785714
2024-02-04,100821428
2024-02-05,100857142
2024-02-06,100892857
2024-02-07,100928571
2024-02-08,100964285
2024-02-09,101000000
2024-02-10,101023255
2024-02-11,101046511
2024-02-12,101069767
2024-02-13,101093023
2024-02-14,101116279
2024-02-15,101139534
2024-02-16,101162790
2024-02-17,101186046
2024-02-18,101209302
2024-02-19,101232558
2024-02-20,101255813
2024-02-21,101279069
2024-02-22,101302325
2024-02-23,101325581
2024-02-24,101348837
2024-02-25,101372093
2024-02-26,101395348
2024-02-27,101418604
2024-02-28,101441860
2024-02-29,101465116
2024-03-01,101488372
2024-03-02,101511627
2024-03-03,101534883
2024-03-04,101558139
2024-03-05,101581395
2024-03-06,101604651
2024-03-07,101627906
2024-03-08,101651162
2024-03-09,101674418
2024-03-10,101697674
2024-03-11,101720930
2024-03-12,101744186
2024-03-13,101767441
2024-03-14,101790697
2024-03-15,101813953
2024-03-16,101837209
2024-03-17,101860465
2024-03-18,101883720
2024-03-19,101906976
2024-03-20,101930232
2024-03-21,101953488
2024-03-22,101976744
2024-03-23,102000000
2024-03-24,102023255
2024-03-25,102046511
2024-03-26,102069767
2024-03-27,102093023
2024-03-28,102116279
2024-03-29,102139534
2024-03-30,102162790
2024-03-31,102186046
2024-04-01,102209302
2024-04-02,102232558
2024-04-03,102255813
2024-04-04,102279069
2024-04-05,102302325
2024-04-06,102325581
2024-04-07,102348837
2024-04-08,102372093
2024-04-09,102395348
2024-04-10,102418604
2024-04-11,102441860
2024-04-12,102465116
2024-04-13,102488372
2024-04-14,102511627
2024-04-15,102534883
2024-04-16,102558139
2024-04-17,102581395
2024-04-18,102604651
2024-04-19,102627906
2024-04-20,102651162
2024-04-21,102674418
2024-04-22,102697674
2024-04-23,102720930
2024-04-24,102744186
2024-04-25,102767441
2024-04-26,102790697
2024-04-27,102813953
2024-04-28,102837209
2024-04-29,102860465
2024-04-30,102883720
2024-05-01,102906976
2024-05-02,102930232
2024-05-03,102953488
2024-05-04,102976744
2024-05-05,103000000
2024-05-06,103010155
2024-05-07,103020311
2024-05-08,103030467
2024-05-09,103040623
2024-05-10,103050778
2024-05-11,103060934
2024-05-12,103071090
2024-05-13,103081246
2024-05-14,103091402
2024-05-15,103101557
2024-05-16,103111713
2024-05-17,103121869
2024-05-18,103132025
2024-05-19,103142181
2024-05-20,103152336
2024-05-21,103162492
2024-05-22,103172648
2024-05-23,103182804
2024-05-24,103192960
2024-05-25,103203115
2024-05-26,103213271
2024-05-27,103223427
2024-05-28,103233583
2024-05-29,103243738
2024-05-30,103253894
2024-05-31,103264050
2024-06-01,103274206
2024-06-02,103284362
2024-06-03,103294517
2024-06-04,103304673
2024-06-05,103314829
2024-06-06,103324985
2024-06-07,103335141
2024-06-08,103345296
2024-06-09,103355452
2024-06-10,103365608
2024-06-11,103375764
2024-06-12,103385920
2024-06-13,103396075
2024-06-14,103406231
2024-06-15,103416387
2024-06-16,103426543
2024-06-17,103436698
2024-06-18,103446854
2024-06-19,103457010
2024-06-20,103467166
2024-06-21,103477322
2024-06-22,103487477
2024-06-23,103497633
2024-06-24,103507789
2024-06-25,103517945
2024-06-26,103528101
2024-06-27,103538256
2024-06-28,103548412
2024-06-29,103558568
2024-06-30,103568724
2024-07-01,103578880
2024-07-02,103589035
2024-07-03,103599191
2024-07-04,103609347
2024-07-05,103619503
2024-07-06,103629659
2024-07-07,103639814
2024-07-08,103649970
2024-07-09,103660126
2024-07-10,103670282
2024-07-11,103680437
2024-07-12,103690593
2024-07-13,103700749
2024-07-14,103710905
2024-07-15,103721061
2024-07-16,103731216
2024-07-17,103741372
2024-07-18,103751528
2024-07-19,103761684
2024-07-20,103771840
2024-07-21,103781995
2024-07-22,103792151
2024-07-23,103802307
2024-07-24,103812463
2024-07-25,103822619
2024-07-26,103832774
2024-07-27,103842930
2024-07-28,103853086
2024-07-29,103863242
2024-07-30,103873397
2024-07-31,103883553
2024-08-01,103893709
2024-08-02,103903865
2024-08-03,103914021
2024-08-04,103924176
2024-08-05,103934332
2024-08-06,103944488
2024-08-07,103954644
2024-08-08,103964800
2024-08-09,103974955
2024-08-10,103985111
2024-08-11,103995267
2024-08-12,104005423
2024-08-13,104015579
2024-08-14,104025734
2024-08-15,104035890
2024-08-16,104046046
2024-08-17,104056202
2024-08-18,104066358
2024-08-19,104076513
2024-08-20,104086669
2024-08-21,104096825
2024-08-22,104106981
2024-08-23,104117136
2024-08-24,104127292
2024-08-25,104137448
2024-08-26,104147604
2024-08-27,104157760
2024-08-28,104167915
2024-08-29,104178071
2024-08-30,104188227
2024-08-31,104198383
2024-09-01,104208539
2024-09-02,104218694
2024-09-03,104228850
2024-09-04,104239006
2024-09-05,104249162
2024-09-06,104259318
2024-09-07,104269473
2024-09-08,104279629
2024-09-09,104289785
2024-09-10,104299941
2024-09-11,104310096
2024-09-12,104320252
2024-09-13,104330408
2024-09-14,104340564
2024-09-15,104350720
2024-09-16,104360875
2024-09-17,104371031
2024-09-18,104381187
2024-09-19,104391343
2024-09-20,104401499
2024-09-21,104411654
2024-09-22,104421810
2024-09-23,104431966
2024-09-24,104442122
2024-09-25,104452278
2024-09-26,104462433
2024-09-27,104472589
2024-09-28,104482745
2024-09-29,104492901
2024-09-30,104503057
2024-10-01,104513212
2024-10-02,104523368
2024-10-03,104533524
2024-10-04,104543680
2024-10-05,104553835
2024-10-06,104563991
2024-10-07,104574147
2024-10-08,104584303
2024-10-09,104594459
2024-10-10,104604614
2024-10-11,104614770
2024-10-12,104624926
2024-10-13,104635082
2024-10-14,104645238
2024-10-15,104655393
2024-10-16,104665549
2024-10-17,104675705
2024-10-18,104685861
2024-10-19,104696017
2024-10-20,104706172
2024-10-21,104716328
2024-10-22,104726484
2024-10-23,104736640
2024-10-24,104746795
2024-10-25,104756951
2024-10-26,104767107
2024-10-27,104777263
2024-10-28,104787419
2024-10-29,104797574
2024-10-30,104807730
2024-10-31,104817886
2024-11-01,104828042
2024-11-02,104838198
2024-11-03,104848353
2024-11-04,104858509
2024-11-05,104868665
2024-11-06,104878821
2024-11-07,104888977
2024-11-08,104899132
2024-11-09,104909288
2024-11-10,104919444
2024-11-11,104929600
2024-11-12,104939756
